official_scenic_id,scenic_name,category_name,element_uid,element_type,element_id,poi_name,poi_detail_type,poi_categories,poi_lat,poi_lng,distance_m,raw_tags_json
BJ20_16,香山公园,城市公园 / 园林 / 动植物观赏类,node_283336457,node,283336457,鬼笑石,nearby_attractions,nearby_attractions,39.9781206,116.1813623,1254.21,"{""name"": ""鬼笑石"", ""name:en"": ""Ghost Laughing Stone"", ""name:zh"": ""鬼笑石"", ""name:zh-Latn-pinyin"": ""guixiao shi"", ""tourism"": ""viewpoint""}"
BJ20_16,香山公园,城市公园 / 园林 / 动植物观赏类,node_295350688,node,295350688,超市发超市,food_retail,food_retail,39.9930347,116.1987627,1535.23,"{""name"": ""超市发超市"", ""name:en"": ""Chaoshifa Supermarket"", ""shop"": ""convenience""}"
BJ20_16,香山公园,城市公园 / 园林 / 动植物观赏类,node_295350783,node,295350783,,public_service,public_service,39.9912599,116.1953783,1210.57,"{""amenity"": ""toilets""}"
BJ20_16,香山公园,城市公园 / 园林 / 动植物观赏类,node_295351140,node,295351140,群英朝市,food_retail,food_retail,39.9913364,116.1965487,1310.29,"{""name"": ""群英朝市"", ""name:en"": ""Qunying Convenient Store"", ""shop"": ""convenience""}"
BJ20_16,香山公园,城市公园 / 园林 / 动植物观赏类,node_607326497,node,607326497,红旗村,transport,transport,39.9808158,116.2010055,1925.53,"{""bus"": ""yes"", ""name"": ""红旗村"", ""public_transport"": ""stop_position""}"
BJ20_16,香山公园,城市公园 / 园林 / 动植物观赏类,node_1963781480,node,1963781480,麦当劳,food_retail,food_retail,39.9930306,116.1981527,1485.03,"{""amenity"": ""fast_food"", ""brand"": ""麦当劳"", ""brand:en"": ""McDonald's"", ""brand:wikidata"": ""Q38076"", ""brand:wikipedia"": ""zh:麦当劳"", ""brand:zh"": ""麦当劳"", ""brand:zh-Hans"": ""麦当劳"", ""cuisine"": ""burger"", ""name"": ""麦当劳"", ""name:en"": ""McDonald's"", ""name:zh"": ""麦当劳"", ""name:zh-Hans"": ""麦当劳"", ""takeaway"": ""yes""}"
BJ20_16,香山公园,城市公园 / 园林 / 动植物观赏类,node_1963880532,node,1963880532,,public_service,public_service,39.9954486,116.1954087,1371.55,"{""amenity"": ""toilets""}"
BJ20_16,香山公园,城市公园 / 园林 / 动植物观赏类,node_2123313410,node,2123313410,,public_service,public_service,39.9970569,116.2022826,1973.94,"{""amenity"": ""toilets""}"
BJ20_16,香山公园,城市公园 / 园林 / 动植物观赏类,node_2264711480,node,2264711480,国家植物园西南门,transport,transport,39.9901742,116.2043284,1957.16,"{""bus"": ""yes"", ""name"": ""国家植物园西南门"", ""name:zh"": ""国家植物园西南门"", ""public_transport"": ""stop_position""}"
BJ20_16,香山公园,城市公园 / 园林 / 动植物观赏类,node_2264739795,node,2264739795,红旗村,bus,transport,39.9808155,116.2011625,1937.17,"{""bench"": ""no"", ""bus"": ""yes"", ""highway"": ""bus_stop"", ""name"": ""红旗村"", ""public_transport"": ""platform"", ""shelter"": ""no""}"
BJ20_16,香山公园,城市公园 / 园林 / 动植物观赏类,node_2264739796,node,2264739796,红旗村,bus,transport,39.9807077,116.2008663,1921.26,"{""bench"": ""no"", ""bus"": ""yes"", ""highway"": ""bus_stop"", ""name"": ""红旗村"", ""public_transport"": ""platform"", ""shelter"": ""no""}"
BJ20_16,香山公园,城市公园 / 园林 / 动植物观赏类,node_2264739799,node,2264739799,国家植物园西南门,bus,transport,39.9901583,116.2042693,1952.05,"{""bench"": ""yes"", ""bus"": ""yes"", ""highway"": ""bus_stop"", ""name"": ""国家植物园西南门"", ""name:zh"": ""国家植物园西南门"", ""public_transport"": ""platform"", ""shelter"": ""yes""}"
BJ20_16,香山公园,城市公园 / 园林 / 动植物观赏类,node_2264739800,node,2264739800,国家植物园西南门,transport,transport,39.9896044,116.2047092,1987.84,"{""bus"": ""yes"", ""name"": ""国家植物园西南门"", ""name:zh"": ""国家植物园西南门"", ""public_transport"": ""stop_position""}"
BJ20_16,香山公园,城市公园 / 园林 / 动植物观赏类,node_2264739810,node,2264739810,红旗村,transport,transport,39.9807261,116.2010119,1930.97,"{""bus"": ""yes"", ""name"": ""红旗村"", ""public_transport"": ""stop_position""}"
BJ20_16,香山公园,城市公园 / 园林 / 动植物观赏类,node_3803776467,node,3803776467,雕刻时光咖啡馆,food_retail,food_retail,39.9905193,116.1926379,967.35,"{""amenity"": ""cafe"", ""check_date"": ""2026-03-06"", ""cuisine"": ""coffee_shop"", ""internet_access"": ""wlan"", ""name"": ""雕刻时光咖啡馆"", ""name:en"": ""Sculpting in Time Cafe"", ""name:zh"": ""雕刻时光咖啡馆"", ""toilets"": ""yes""}"
BJ20_16,香山公园,城市公园 / 园林 / 动植物观赏类,node_5164348621,node,5164348621,兰溪小馆,food_retail,food_retail,39.994739,116.1891368,888.48,"{""amenity"": ""restaurant"", ""check_date"": ""2026-03-06"", ""name"": ""兰溪小馆"", ""name:zh"": ""兰溪小馆""}"
BJ20_16,香山公园,城市公园 / 园林 / 动植物观赏类,node_5636423118,node,5636423118,游客服务中心,public_service,public_service,39.9899912,116.190172,752.12,"{""addr:street"": ""买卖街"", ""building"": ""yes"", ""building:use"": ""service"", ""information"": ""office"", ""name"": ""游客服务中心"", ""name:en"": ""Tourist Information Center"", ""tourism"": ""information""}"
BJ20_16,香山公园,城市公园 / 园林 / 动植物观赏类,node_5645109037,node,5645109037,,public_service,public_service,39.990213,116.1909,816.28,"{""amenity"": ""toilets""}"
BJ20_16,香山公园,城市公园 / 园林 / 动植物观赏类,node_5652854480,node,5652854480,,public_service,public_service,39.9938494,116.1877216,732.72,"{""amenity"": ""toilets""}"
BJ20_16,香山公园,城市公园 / 园林 / 动植物观赏类,node_5657665793,node,5657665793,,public_service,public_service,39.9902678,116.1864507,442.85,"{""amenity"": ""toilets""}"
BJ20_16,香山公园,城市公园 / 园林 / 动植物观赏类,node_5657665796,node,5657665796,,food_retail,food_retail,39.990526,116.187227,513.83,"{""amenity"": ""cafe""}"
BJ20_16,香山公园,城市公园 / 园林 / 动植物观赏类,node_5659797273,node,5659797273,,public_service,public_service,39.9922819,116.1850635,448.67,"{""amenity"": ""toilets""}"
BJ20_16,香山公园,城市公园 / 园林 / 动植物观赏类,node_5659813987,node,5659813987,,food_retail,food_retail,39.9940409,116.1871553,713.15,"{""amenity"": ""fast_food""}"
BJ20_16,香山公园,城市公园 / 园林 / 动植物观赏类,node_5659828999,node,5659828999,,public_service,public_service,39.9943415,116.1893979,876.8,"{""amenity"": ""toilets""}"
BJ20_16,香山公园,城市公园 / 园林 / 动植物观赏类,node_5659854468,node,5659854468,,public_service,public_service,39.9942456,116.1913364,1005.04,"{""amenity"": ""drinking_water""}"
BJ20_16,香山公园,城市公园 / 园林 / 动植物观赏类,node_5659854471,node,5659854471,,public_service,public_service,39.9933011,116.1915908,972.23,"{""amenity"": ""drinking_water""}"
BJ20_16,香山公园,城市公园 / 园林 / 动植物观赏类,node_5662514318,node,5662514318,,food_retail,food_retail,39.9900976,116.1897445,717.03,"{""amenity"": ""fast_food""}"
BJ20_16,香山公园,城市公园 / 园林 / 动植物观赏类,node_5665129248,node,5665129248,,public_service,public_service,39.9946339,116.1989379,1605.2,"{""amenity"": ""toilets""}"
BJ20_16,香山公园,城市公园 / 园林 / 动植物观赏类,node_5665452433,node,5665452433,,public_service,public_service,39.9949811,116.2027151,1920.78,"{""amenity"": ""toilets""}"
BJ20_16,香山公园,城市公园 / 园林 / 动植物观赏类,node_5665452434,node,5665452434,,public_service,public_service,39.9923592,116.2040421,1958.68,"{""amenity"": ""toilets""}"
BJ20_16,香山公园,城市公园 / 园林 / 动植物观赏类,node_5668251936,node,5668251936,,public_service,public_service,39.9892472,116.1901071,743.91,"{""amenity"": ""toilets""}"
BJ20_16,香山公园,城市公园 / 园林 / 动植物观赏类,node_5671081849,node,5671081849,,public_service,public_service,39.9905643,116.1948091,1151.58,"{""amenity"": ""toilets""}"
BJ20_16,香山公园,城市公园 / 园林 / 动植物观赏类,node_5671101489,node,5671101489,,public_service,public_service,39.9917446,116.1920919,949.29,"{""amenity"": ""toilets""}"
BJ20_16,香山公园,城市公园 / 园林 / 动植物观赏类,node_5677236751,node,5677236751,,transport,transport,39.9945438,116.1871316,753.29,"{""aerialway"": ""station"", ""public_transport"": ""station""}"
BJ20_16,香山公园,城市公园 / 园林 / 动植物观赏类,node_5677236752,node,5677236752,,transport,transport,39.9929694,116.1806726,401.42,"{""aerialway"": ""station"", ""public_transport"": ""station""}"
BJ20_16,香山公园,城市公园 / 园林 / 动植物观赏类,node_5677236753,node,5677236753,,transport,transport,39.9911673,116.1731056,731.58,"{""aerialway"": ""station"", ""public_transport"": ""station""}"
BJ20_16,香山公园,城市公园 / 园林 / 动植物观赏类,node_5681563705,node,5681563705,,public_service,public_service,39.9937703,116.1982828,1519.96,"{""amenity"": ""drinking_water""}"
BJ20_16,香山公园,城市公园 / 园林 / 动植物观赏类,node_5686568074,node,5686568074,,public_service,public_service,39.9935719,116.1983559,1518.98,"{""amenity"": ""toilets""}"
BJ20_16,香山公园,城市公园 / 园林 / 动植物观赏类,node_5687239478,node,5687239478,,public_service,public_service,39.9968194,116.1978872,1630.56,"{""amenity"": ""drinking_water""}"
BJ20_16,香山公园,城市公园 / 园林 / 动植物观赏类,node_5697852616,node,5697852616,,public_service,public_service,39.9939991,116.1962492,1366.26,"{""amenity"": ""toilets""}"
BJ20_16,香山公园,城市公园 / 园林 / 动植物观赏类,node_5698244328,node,5698244328,,public_service,public_service,39.994898,116.1977736,1524.72,"{""amenity"": ""toilets""}"
BJ20_16,香山公园,城市公园 / 园林 / 动植物观赏类,node_5719116000,node,5719116000,,food_retail,food_retail,39.9897989,116.1832672,167.0,"{""amenity"": ""fast_food""}"
BJ20_16,香山公园,城市公园 / 园林 / 动植物观赏类,node_5729337760,node,5729337760,,public_service,public_service,39.9933343,116.1894765,816.97,"{""amenity"": ""toilets""}"
BJ20_16,香山公园,城市公园 / 园林 / 动植物观赏类,node_5738067750,node,5738067750,,public_service,public_service,39.9854625,116.1890717,788.29,"{""amenity"": ""toilets""}"
BJ20_16,香山公园,城市公园 / 园林 / 动植物观赏类,node_5742651261,node,5742651261,,public_service,public_service,39.9897685,116.1837486,206.12,"{""amenity"": ""toilets""}"
BJ20_16,香山公园,城市公园 / 园林 / 动植物观赏类,node_5746214538,node,5746214538,,public_service,public_service,39.986286,116.186291,543.26,"{""amenity"": ""toilets""}"
BJ20_16,香山公园,城市公园 / 园林 / 动植物观赏类,node_5761083975,node,5761083975,,food_retail,food_retail,39.9889519,116.1829065,139.47,"{""amenity"": ""cafe""}"
BJ20_16,香山公园,城市公园 / 园林 / 动植物观赏类,node_5915226327,node,5915226327,庆丰包子铺,food_retail,food_retail,39.9911763,116.1942462,1113.97,"{""amenity"": ""fast_food"", ""brand"": ""庆丰包子铺"", ""brand:en"": ""Qingfeng Steamed Dumpling Shop"", ""brand:wikidata"": ""Q24841010"", ""brand:zh"": ""庆丰包子铺"", ""cuisine"": ""chinese"", ""name"": ""庆丰包子铺"", ""name:en"": ""Qingfeng Steamed Dumpling Shop"", ""name:zh"": ""庆丰包子铺"", ""takeaway"": ""yes""}"
BJ20_16,香山公园,城市公园 / 园林 / 动植物观赏类,node_5915226339,node,5915226339,,public_service,public_service,39.9943875,116.2019449,1837.83,"{""amenity"": ""toilets""}"
BJ20_16,香山公园,城市公园 / 园林 / 动植物观赏类,node_5940073064,node,5940073064,,nearby_attractions,nearby_attractions,39.98316,116.1863504,812.99,"{""direction"": ""NE"", ""tourism"": ""viewpoint""}"
BJ20_16,香山公园,城市公园 / 园林 / 动植物观赏类,node_5965522407,node,5965522407,,nearby_attractions,nearby_attractions,39.9833823,116.181794,670.08,"{""tourism"": ""viewpoint""}"
BJ20_16,香山公园,城市公园 / 园林 / 动植物观赏类,node_6011895539,node,6011895539,,public_service,public_service,39.9971478,116.1904749,1158.81,"{""amenity"": ""toilets""}"
BJ20_16,香山公园,城市公园 / 园林 / 动植物观赏类,node_6018983143,node,6018983143,,public_service,public_service,39.9936987,116.1919872,1022.47,"{""amenity"": ""toilets""}"
BJ20_16,香山公园,城市公园 / 园林 / 动植物观赏类,node_6056512809,node,6056512809,,public_service,public_service,39.9956005,116.1872252,850.61,"{""amenity"": ""toilets""}"
BJ20_16,香山公园,城市公园 / 园林 / 动植物观赏类,node_6056512818,node,6056512818,,commercial,commercial,39.994725,116.187909,812.53,"{""shop"": ""gift""}"
BJ20_16,香山公园,城市公园 / 园林 / 动植物观赏类,node_6483332886,node,6483332886,,food_retail,food_retail,39.9885714,116.1722224,785.37,"{""amenity"": ""fast_food""}"
BJ20_16,香山公园,城市公园 / 园林 / 动植物观赏类,node_6483353565,node,6483353565,,public_service,public_service,39.9888275,116.1779566,298.3,"{""amenity"": ""toilets""}"
BJ20_16,香山公园,城市公园 / 园林 / 动植物观赏类,node_6534643433,node,6534643433,,nearby_attractions,nearby_attractions,39.9881634,116.1748437,573.37,"{""tourism"": ""viewpoint""}"
BJ20_16,香山公园,城市公园 / 园林 / 动植物观赏类,node_6565490086,node,6565490086,,food_retail,food_retail,39.9892377,116.1779353,293.8,"{""amenity"": ""fast_food"", ""cuisine"": ""chinese""}"
BJ20_16,香山公园,城市公园 / 园林 / 动植物观赏类,node_6565490122,node,6565490122,,food_retail,food_retail,39.9894476,116.1778811,297.91,"{""amenity"": ""fast_food"", ""cuisine"": ""chinese""}"
BJ20_16,香山公园,城市公园 / 园林 / 动植物观赏类,node_6648987385,node,6648987385,隔云钟,nearby_attractions,nearby_attractions,39.9911688,116.1846953,344.35,"{""name"": ""隔云钟"", ""name:en"": ""Ge Yun Bell Pavilion"", ""tourism"": ""attraction""}"
BJ20_16,香山公园,城市公园 / 园林 / 动植物观赏类,node_6648990287,node,6648990287,,nearby_attractions,nearby_attractions,39.9907983,116.1814675,155.67,"{""name:en"": ""Chongcui Yan"", ""tourism"": ""attraction""}"
BJ20_16,香山公园,城市公园 / 园林 / 动植物观赏类,node_6649125985,node,6649125985,,nearby_attractions,nearby_attractions,39.9898429,116.1712949,860.37,"{""tourism"": ""viewpoint""}"
BJ20_16,香山公园,城市公园 / 园林 / 动植物观赏类,node_6649226485,node,6649226485,大梅字石刻,nearby_attractions,nearby_attractions,39.9886967,116.1733732,686.38,"{""name"": ""大梅字石刻"", ""name:en"": ""Plum Stone"", ""tourism"": ""attraction""}"
BJ20_16,香山公园,城市公园 / 园林 / 动植物观赏类,node_9403975394,node,9403975394,,public_service,public_service,39.9821172,116.1803854,814.21,"{""amenity"": ""toilets"", ""unisex"": ""yes""}"
BJ20_16,香山公园,城市公园 / 园林 / 动植物观赏类,node_9403975395,node,9403975395,,food_retail,food_retail,39.9822028,116.1803811,804.78,"{""shop"": ""kiosk""}"
BJ20_16,香山公园,城市公园 / 园林 / 动植物观赏类,node_9792745456,node,9792745456,老二胡崖,nearby_attractions,nearby_attractions,39.9809045,116.1847519,987.44,"{""name"": ""老二胡崖"", ""natural"": ""rock"", ""tourism"": ""attraction""}"
BJ20_16,香山公园,城市公园 / 园林 / 动植物观赏类,node_9891431810,node,9891431810,云豹岩,nearby_attractions,nearby_attractions,40.0025743,116.1762719,1528.11,"{""name"": ""云豹岩"", ""natural"": ""rock"", ""tourism"": ""attraction""}"
BJ20_16,香山公园,城市公园 / 园林 / 动植物观赏类,node_9966127433,node,9966127433,比熊岩,nearby_attractions,nearby_attractions,39.9877437,116.1675055,1196.07,"{""name"": ""比熊岩"", ""natural"": ""rock"", ""tourism"": ""attraction""}"
BJ20_16,香山公园,城市公园 / 园林 / 动植物观赏类,node_10077717615,node,10077717615,国家植物园西南门,bus,transport,39.98961,116.2047435,1990.77,"{""bench"": ""yes"", ""bin"": ""yes"", ""bus"": ""yes"", ""highway"": ""bus_stop"", ""name"": ""国家植物园西南门"", ""name:zh"": ""国家植物园西南门"", ""passenger_information_display"": ""yes"", ""public_transport"": ""platform"", ""shelter"": ""yes"", ""tactile_paving"": ""yes""}"
BJ20_16,香山公园,城市公园 / 园林 / 动植物观赏类,node_10077775322,node,10077775322,香山一颗松,public_service,public_service,39.9918006,116.2017602,1756.85,"{""access"": ""yes"", ""amenity"": ""toilets"", ""fee"": ""no"", ""name"": ""香山一颗松"", ""name:zh"": ""香山一颗松"", ""name:zh-Hans"": ""香山一颗松"", ""name:zh-Hant"": ""香山一顆松"", ""opening_hours"": ""24/7"", ""operator"": ""北京海淀生态环保有限公司"", ""phone"": ""+86 10 6871 6285"", ""ref"": ""108102042t137"", ""toilets:disposal"": ""flush"", ""toilets:position"": ""squat"", ""wheelchair"": ""yes""}"
BJ20_16,香山公园,城市公园 / 园林 / 动植物观赏类,node_10566931377,node,10566931377,龟石,nearby_attractions,nearby_attractions,39.9984743,116.1706531,1361.15,"{""name"": ""龟石"", ""natural"": ""rock"", ""tourism"": ""attraction""}"
BJ20_16,香山公园,城市公园 / 园林 / 动植物观赏类,node_10566931399,node,10566931399,望京崖,nearby_attractions,nearby_attractions,39.9993594,116.1694734,1501.58,"{""name"": ""望京崖"", ""natural"": ""cliff"", ""tourism"": ""attraction""}"
BJ20_16,香山公园,城市公园 / 园林 / 动植物观赏类,node_10566931406,node,10566931406,将军守关,nearby_attractions,nearby_attractions,39.999094,116.1701217,1442.67,"{""name"": ""将军守关"", ""natural"": ""rock"", ""tourism"": ""attraction""}"
BJ20_16,香山公园,城市公园 / 园林 / 动植物观赏类,node_10566931451,node,10566931451,猴三磊,nearby_attractions,nearby_attractions,39.9968038,116.1693241,1316.09,"{""alt_name_1"": ""蛤蟆石"", ""name"": ""猴三磊"", ""name:en"": ""Housanlei"", ""natural"": ""rock"", ""tourism"": ""attraction""}"
BJ20_16,香山公园,城市公园 / 园林 / 动植物观赏类,node_10566931555,node,10566931555,大圣岩,nearby_attractions,nearby_attractions,39.9976109,116.1700637,1327.59,"{""name"": ""大圣岩"", ""natural"": ""rock"", ""tourism"": ""attraction""}"
BJ20_16,香山公园,城市公园 / 园林 / 动植物观赏类,node_10566931589,node,10566931589,四层像石,nearby_attractions,nearby_attractions,39.9970676,116.1697089,1309.58,"{""name"": ""四层像石"", ""natural"": ""rock"", ""tourism"": ""attraction""}"
BJ20_16,香山公园,城市公园 / 园林 / 动植物观赏类,node_10566931744,node,10566931744,北斗崖,nearby_attractions,nearby_attractions,39.9932646,116.1773698,548.84,"{""fixme"": ""有天枢、天璇、天玑、天权、玉衡、开阳、摇光共七条上崖路线，其具体位置未知"", ""name"": ""北斗崖"", ""natural"": ""cliff"", ""tourism"": ""attraction""}"
BJ20_16,香山公园,城市公园 / 园林 / 动植物观赏类,node_10566931745,node,10566931745,小崖壁,nearby_attractions,nearby_attractions,39.9931039,116.1772737,540.23,"{""name"": ""小崖壁"", ""natural"": ""cliff"", ""tourism"": ""attraction""}"
BJ20_16,香山公园,城市公园 / 园林 / 动植物观赏类,node_10744500316,node,10744500316,香山公园东门,transport,transport,39.990406,116.1944213,1116.86,"{""bus"": ""yes"", ""name"": ""香山公园东门"", ""name:zh"": ""香山公园东门"", ""public_transport"": ""stop_position""}"
BJ20_16,香山公园,城市公园 / 园林 / 动植物观赏类,node_10744500317,node,10744500317,香山公园东门,transport,transport,39.9904011,116.1943647,1112.01,"{""bus"": ""yes"", ""name"": ""香山公园东门"", ""name:zh"": ""香山公园东门"", ""public_transport"": ""stop_position""}"
BJ20_16,香山公园,城市公园 / 园林 / 动植物观赏类,node_10744500318,node,10744500318,香山公园东门,bus,transport,39.9904793,116.1943573,1112.29,"{""bus"": ""yes"", ""highway"": ""bus_stop"", ""name"": ""香山公园东门"", ""name:zh"": ""香山公园东门"", ""public_transport"": ""platform""}"
BJ20_16,香山公园,城市公园 / 园林 / 动植物观赏类,node_10744500321,node,10744500321,香山公园东门,bus,transport,39.990319,116.1944506,1118.42,"{""bench"": ""no"", ""bin"": ""no"", ""bus"": ""yes"", ""highway"": ""bus_stop"", ""name"": ""香山公园东门"", ""name:zh"": ""香山公园东门"", ""public_transport"": ""platform"", ""shelter"": ""yes"", ""tactile_paving"": ""yes""}"
BJ20_16,香山公园,城市公园 / 园林 / 动植物观赏类,node_10957722230,node,10957722230,,food_retail,food_retail,39.9791241,116.1939497,1566.2,"{""shop"": ""kiosk""}"
BJ20_16,香山公园,城市公园 / 园林 / 动植物观赏类,node_10957722231,node,10957722231,,public_service,public_service,39.979102,116.1938585,1562.69,"{""amenity"": ""toilets""}"
BJ20_16,香山公园,城市公园 / 园林 / 动植物观赏类,node_11691296818,node,11691296818,三片石,nearby_attractions,nearby_attractions,39.9983822,116.1707163,1349.95,"{""name"": ""三片石"", ""natural"": ""rock"", ""tourism"": ""attraction""}"
BJ20_16,香山公园,城市公园 / 园林 / 动植物观赏类,node_11691296853,node,11691296853,盘龙石,nearby_attractions,nearby_attractions,39.9991336,116.1744589,1232.39,"{""name"": ""盘龙石"", ""natural"": ""rock"", ""tourism"": ""attraction""}"
BJ20_16,香山公园,城市公园 / 园林 / 动植物观赏类,node_11691297220,node,11691297220,牵你大斜坡,nearby_attractions,nearby_attractions,40.0041559,116.1873478,1717.8,"{""name"": ""牵你大斜坡"", ""natural"": ""rock"", ""tourism"": ""attraction""}"
BJ20_16,香山公园,城市公园 / 园林 / 动植物观赏类,node_12428795004,node,12428795004,晏公祠,nearby_attractions,nearby_attractions,39.9822338,116.1946246,1381.59,"{""name"": ""晏公祠"", ""tourism"": ""attraction""}"
BJ20_16,香山公园,城市公园 / 园林 / 动植物观赏类,node_13167695616,node,13167695616,,parking,parking,39.9859357,116.2022393,1818.61,"{""amenity"": ""parking""}"
BJ20_16,香山公园,城市公园 / 园林 / 动植物观赏类,way_76841865,way,76841865,,parking,parking,39.9899849,116.1925773,956.37,"{""amenity"": ""parking""}"
BJ20_16,香山公园,城市公园 / 园林 / 动植物观赏类,way_76842700,way,76842700,香山饭店,lodging,lodging,39.9881428,116.1885266,624.91,"{""building"": ""yes"", ""internet_access"": ""yes"", ""name"": ""香山饭店"", ""name:en"": ""Fragrant Hill Hotel"", ""name:fr"": ""Hôtel des Collines parfumées"", ""name:zh"": ""香山饭店"", ""name:zh-Latn-pinyin"": ""xiāngshān fàndiàn"", ""tourism"": ""hotel"", ""wikidata"": ""Q16075106"", ""wikimedia_commons"": ""Category:Fragrant Hill Hotel"", ""wikipedia"": ""zh:香山饭店""}"
BJ20_16,香山公园,城市公园 / 园林 / 动植物观赏类,way_185453500,way,185453500,玉皇顶停车场,parking,parking,39.9977287,116.1879728,1083.21,"{""amenity"": ""parking"", ""name"": ""玉皇顶停车场"", ""parking"": ""surface""}"
BJ20_16,香山公园,城市公园 / 园林 / 动植物观赏类,way_225648347,way,225648347,#8 停车场,parking,parking,39.9913818,116.1935436,1059.63,"{""amenity"": ""parking"", ""name"": ""#8 停车场"", ""ref"": ""8""}"
BJ20_16,香山公园,城市公园 / 园林 / 动植物观赏类,way_225648353,way,225648353,#9 停车场,parking,parking,39.9911873,116.1924615,964.97,"{""amenity"": ""parking"", ""name"": ""#9 停车场"", ""ref"": ""9""}"
BJ20_16,香山公园,城市公园 / 园林 / 动植物观赏类,way_225735388,way,225735388,香山索道上站,transport,transport,39.9912184,116.1729331,747.27,"{""aerialway"": ""station"", ""building"": ""yes"", ""name"": ""香山索道上站"", ""name:en"": ""Cable Car Terminal"", ""public_transport"": ""station""}"
BJ20_16,香山公园,城市公园 / 园林 / 动植物观赏类,way_225761254,way,225761254,香山社区卫生服务站,public_service,public_service,39.9939938,116.1957812,1329.14,"{""amenity"": ""clinic"", ""building"": ""yes"", ""healthcare"": ""clinic"", ""name"": ""香山社区卫生服务站"", ""name:en"": ""Xiang Shan Community Health Service Center""}"
BJ20_16,香山公园,城市公园 / 园林 / 动植物观赏类,way_533115666,way,533115666,,food_retail,food_retail,39.985287,116.18697,660.44,"{""amenity"": ""fast_food"", ""building"": ""yes""}"
BJ20_16,香山公园,城市公园 / 园林 / 动植物观赏类,way_593217201,way,593217201,,parking,parking,39.9943894,116.1890234,855.61,"{""amenity"": ""parking""}"
BJ20_16,香山公园,城市公园 / 园林 / 动植物观赏类,way_594804409,way,594804409,致远斋,nearby_attractions,nearby_attractions,39.9902381,116.1888656,644.71,"{""area"": ""yes"", ""barrier"": ""fence"", ""name"": ""致远斋"", ""name:en"": ""Zhi Yuan Zhai"", ""tourism"": ""attraction""}"
BJ20_16,香山公园,城市公园 / 园林 / 动植物观赏类,way_602802468,way,602802468,见心斋,nearby_attractions,nearby_attractions,39.9928525,116.185502,520.43,"{""area"": ""yes"", ""barrier"": ""wall"", ""name"": ""见心斋"", ""name:en"": ""Tranquil Heart Studio"", ""opening_hours"": ""Mo-Su 08:30-16:30"", ""tourism"": ""attraction"", ""wheelchair"": ""no""}"
BJ20_16,香山公园,城市公园 / 园林 / 动植物观赏类,way_605472716,way,605472716,双清别墅,nearby_attractions,nearby_attractions,39.9852448,116.1880286,731.15,"{""barrier"": ""wall"", ""historic"": ""building"", ""name"": ""双清别墅"", ""name:en"": ""Twin Springs Villa"", ""name:zh"": ""双清别墅"", ""ruins"": ""no"", ""tourism"": ""attraction""}"
BJ20_16,香山公园,城市公园 / 园林 / 动植物观赏类,way_605472718,way,605472718,欢喜园,nearby_attractions,nearby_attractions,39.9852415,116.1870357,667.99,"{""barrier"": ""wall"", ""historic"": ""building"", ""name"": ""欢喜园"", ""name:en"": ""Emporer's Happiness Garden"", ""name:zh"": ""欢喜园"", ""ruins"": ""no"", ""tourism"": ""attraction""}"
BJ20_16,香山公园,城市公园 / 园林 / 动植物观赏类,way_609095019,way,609095019,,parking,parking,39.9919342,116.1925825,995.31,"{""amenity"": ""parking"", ""landuse"": ""retail""}"
BJ20_16,香山公园,城市公园 / 园林 / 动植物观赏类,way_627939790,way,627939790,香山公园东门,bus,transport,39.9903728,116.1940467,1084.74,"{""amenity"": ""bus_station"", ""bus"": ""yes"", ""name"": ""香山公园东门"", ""public_transport"": ""station""}"
BJ20_16,香山公园,城市公园 / 园林 / 动植物观赏类,way_629246692,way,629246692,,parking,parking,39.9956203,116.1846986,747.3,"{""amenity"": ""parking""}"
BJ20_16,香山公园,城市公园 / 园林 / 动植物观赏类,way_629286590,way,629286590,,public_service,public_service,39.999471,116.2007347,1993.3,"{""amenity"": ""toilets"", ""building"": ""yes""}"
BJ20_16,香山公园,城市公园 / 园林 / 动植物观赏类,way_636737969,way,636737969,香山皇家礼物旗舰店,commercial,commercial,39.9895086,116.19023,754.28,"{""building"": ""yes"", ""name"": ""香山皇家礼物旗舰店"", ""shop"": ""gift""}"
BJ20_16,香山公园,城市公园 / 园林 / 动植物观赏类,way_641838190,way,641838190,,public_service,public_service,39.9908852,116.1718535,828.0,"{""amenity"": ""toilets"", ""building"": ""yes""}"
BJ20_16,香山公园,城市公园 / 园林 / 动植物观赏类,way_642067802,way,642067802,香山索道下站,transport,transport,39.9945434,116.1871632,755.01,"{""aerialway"": ""station"", ""building"": ""yes"", ""name"": ""香山索道下站"", ""name:en"": ""Cable Car Terminal"", ""public_transport"": ""station""}"
BJ20_16,香山公园,城市公园 / 园林 / 动植物观赏类,way_724834333,way,724834333,香山革命纪念馆,nearby_attractions,nearby_attractions,39.991517,116.1985031,1477.84,"{""building"": ""yes"", ""museum"": ""history"", ""name"": ""香山革命纪念馆"", ""tourism"": ""museum""}"
BJ20_16,香山公园,城市公园 / 园林 / 动植物观赏类,way_729417106,way,729417106,来青轩,nearby_attractions,nearby_attractions,39.9867541,116.1873178,585.4,"{""area"": ""yes"", ""barrier"": ""fence"", ""name"": ""来青轩"", ""tourism"": ""attraction""}"
BJ20_16,香山公园,城市公园 / 园林 / 动植物观赏类,way_863627571,way,863627571,,parking,parking,39.9839402,116.2038954,2012.23,"{""amenity"": ""parking""}"
BJ20_16,香山公园,城市公园 / 园林 / 动植物观赏类,way_874627988,way,874627988,,parking,parking,39.9904842,116.1997702,1571.57,"{""amenity"": ""parking""}"
BJ20_16,香山公园,城市公园 / 园林 / 动植物观赏类,way_874627989,way,874627989,,transport,transport,39.9926234,116.1982632,1482.51,"{""area"": ""yes"", ""light_rail"": ""yes"", ""public_transport"": ""platform"", ""railway"": ""platform""}"
BJ20_16,香山公园,城市公园 / 园林 / 动植物观赏类,way_874627990,way,874627990,,parking,parking,39.9920573,116.1934501,1070.1,"{""amenity"": ""parking""}"
BJ20_16,香山公园,城市公园 / 园林 / 动植物观赏类,way_888819119,way,888819119,世纪金源香山商旅酒店,lodging,lodging,39.9895587,116.1965163,1289.85,"{""landuse"": ""commercial"", ""name"": ""世纪金源香山商旅酒店"", ""tourism"": ""hotel""}"
BJ20_16,香山公园,城市公园 / 园林 / 动植物观赏类,way_963857892,way,963857892,中共中央图书馆旧址,nearby_attractions,nearby_attractions,39.9889548,116.1870179,483.08,"{""building"": ""yes"", ""name"": ""中共中央图书馆旧址"", ""name_en"": ""Small White Tower - Library of the CPC Central Committee"", ""tourism"": ""museum""}"
BJ20_16,香山公园,城市公园 / 园林 / 动植物观赏类,way_963883190,way,963883190,,public_service,public_service,39.9902236,116.1898918,731.13,"{""amenity"": ""toilets"", ""building"": ""yes""}"
BJ20_16,香山公园,城市公园 / 园林 / 动植物观赏类,way_969677073,way,969677073,,parking,parking,40.006112,116.1891804,1973.59,"{""amenity"": ""parking""}"
BJ20_16,香山公园,城市公园 / 园林 / 动植物观赏类,way_1032006595,way,1032006595,,parking,parking,39.9979292,116.1822587,951.37,"{""amenity"": ""parking"", ""charge"": ""一天20元"", ""fee"": ""yes"", ""parking"": ""surface"", ""surface"": ""gravel""}"
BJ20_16,香山公园,城市公园 / 园林 / 动植物观赏类,way_1044262611,way,1044262611,,parking,parking,39.9825841,116.1913696,1139.8,"{""amenity"": ""parking""}"
BJ20_16,香山公园,城市公园 / 园林 / 动植物观赏类,way_1049705997,way,1049705997,香山索道中站,transport,transport,39.9929114,116.1807203,394.44,"{""aerialway"": ""station"", ""building"": ""yes"", ""name"": ""香山索道中站"", ""name:en"": ""Cable Car Terminal"", ""public_transport"": ""station""}"
BJ20_16,香山公园,城市公园 / 园林 / 动植物观赏类,way_1050155185,way,1050155185,云岫茶苑,food_retail,food_retail,39.9912279,116.1719271,830.35,"{""amenity"": ""restaurant"", ""building"": ""yes"", ""name"": ""云岫茶苑""}"
BJ20_16,香山公园,城市公园 / 园林 / 动植物观赏类,way_1057608490,way,1057608490,,public_service,public_service,39.9930074,116.1974288,1425.06,"{""amenity"": ""toilets"", ""building"": ""yes""}"
BJ20_16,香山公园,城市公园 / 园林 / 动植物观赏类,way_1057608494,way,1057608494,北京农商银行,public_service,public_service,39.9936437,116.1967043,1388.36,"{""amenity"": ""bank"", ""brand"": ""北京农商银行"", ""brand:en"": ""Beijing Rural Commercial Bank"", ""brand:wikidata"": ""Q10902046"", ""brand:zh"": ""北京农商银行"", ""building"": ""yes"", ""name"": ""北京农商银行"", ""name:en"": ""Beijing Rural Commercial Bank"", ""name:zh"": ""北京农商银行""}"
BJ20_16,香山公园,城市公园 / 园林 / 动植物观赏类,way_1062579518,way,1062579518,首都医科大学三博脑科医院（北京三博脑科医院）,public_service,public_service,39.9910357,116.2020846,1773.45,"{""amenity"": ""hospital"", ""emergency"": ""yes"", ""healthcare"": ""hospital"", ""healthcare:speciality"": ""neurology"", ""name"": ""首都医科大学三博脑科医院（北京三博脑科医院）"", ""name:en"": ""Sanbo Brain Hospital, Capital Medical University"", ""name:zh"": ""首都医科大学三博脑科医院（北京三博脑科医院）"", ""name:zh-Hans"": ""首都医科大学三博脑科医院（北京三博脑科医院）"", ""name:zh-Hant"": ""首都醫科大學三博腦科醫院（北京三博腦科醫院）"", ""operator"": ""首都医科大学"", ""operator:type"": ""government"", ""website"": ""https://www.sbnk.cn/"", ""wheelchair"": ""yes"", ""wikidata"": ""Q30288553"", ""wikipedia"": ""zh:首都医科大学三博脑科医院""}"
BJ20_16,香山公园,城市公园 / 园林 / 动植物观赏类,way_1067064236,way,1067064236,,parking,parking,39.9913417,116.1907223,824.87,"{""amenity"": ""parking""}"
BJ20_16,香山公园,城市公园 / 园林 / 动植物观赏类,way_1089872922,way,1089872922,,public_service,public_service,39.9967835,116.1796343,834.33,"{""amenity"": ""toilets"", ""building"": ""yes""}"
BJ20_16,香山公园,城市公园 / 园林 / 动植物观赏类,way_1173536105,way,1173536105,,parking,parking,39.991538,116.1892552,711.99,"{""amenity"": ""parking""}"
BJ20_16,香山公园,城市公园 / 园林 / 动植物观赏类,way_1190741554,way,1190741554,西山林场,parking,parking,40.0003919,116.175898,1308.34,"{""access"": ""permissive"", ""amenity"": ""parking"", ""capacity"": ""5"", ""operator"": ""西山林场"", ""operator:type"": ""government"", ""parking"": ""surface"", ""surface"": ""unpaved""}"
BJ20_16,香山公园,城市公园 / 园林 / 动植物观赏类,way_1432561933,way,1432561933,,parking,parking,39.9812,116.2016428,1952.55,"{""amenity"": ""parking""}"
BJ20_16,香山公园,城市公园 / 园林 / 动植物观赏类,way_1432561934,way,1432561934,,parking,parking,39.9811721,116.2024214,2012.86,"{""amenity"": ""parking""}"
BJ20_16,香山公园,城市公园 / 园林 / 动植物观赏类,way_1432561937,way,1432561937,,parking,parking,39.9774944,116.1975314,1909.67,"{""amenity"": ""parking""}"
